tic_id,period_d,depth,duration_d,t0_btjd,bls_power,snr,n_cadences,time_span_d,status
TIC_290492819,1.815697,0.00013866,0.327,1629.069769,45.043123,45.043,50659,431.708,ok
TIC_419666736,0.61106,0.0048341,0.0475,1628.300821,2663.546874,2663.547,98407,2253.074,ok
TIC_468184895,0.571809,0.00665134,0.0345,1628.422476,5886.793005,5886.793,113658,2253.075,ok
